time_s,speed_mph,grade_pct,ambient_C,trailing_tons,state,wire_kW,aux_override_kW
0,0,0,25,1430,,0,30
600,0,0,25,1430,,0,30
660,6,0,25,1430,,0,72
840,6,0,25,1430,,0,72
900,0,0,25,1430,,0,72
1200,0,0,25,1430,,0,30
1290,10,0,25,1430,,0,72
1530,10,0,25,1430,,0,72
1620,0,0,25,1430,,0,72
1800,0,0,25,1430,,0,30
2400,0,0,25,1430,,0,30
2460,6,0,25,1430,,0,72
2640,6,0,25,1430,,0,72
2700,0,0,25,1430,,0,72
3000,0,0,25,1430,,0,30
3090,10,0,25,1430,,0,72
3330,10,0,25,1430,,0,72
3420,0,0,25,1430,,0,72
3600,0,0,25,1430,,0,30
4200,0,0,25,1430,,0,30
4260,6,0,25,1430,,0,72
4440,6,0,25,1430,,0,72
4500,0,0,25,1430,,0,72
4800,0,0,25,1430,,0,30
4890,10,0,25,1430,,0,72
5130,10,0,25,1430,,0,72
5220,0,0,25,1430,,0,72
5400,0,0,25,1430,,0,30
6000,0,0,25,1430,,0,30
6060,6,0,25,1430,,0,72
6240,6,0,25,1430,,0,72
6300,0,0,25,1430,,0,72
6600,0,0,25,1430,,0,30
6690,10,0,25,1430,,0,72
6930,10,0,25,1430,,0,72
7020,0,0,25,1430,,0,72
7200,0,0,25,1430,,0,30
7800,0,0,25,1430,,0,30
7860,6,0,25,1430,,0,72
8040,6,0,25,1430,,0,72
8100,0,0,25,1430,,0,72
8400,0,0,25,1430,,0,30
8490,10,0,25,1430,,0,72
8730,10,0,25,1430,,0,72
8820,0,0,25,1430,,0,72
9000,0,0,25,1430,,0,30
9600,0,0,25,1430,,0,30
9660,6,0,25,1430,,0,72
9840,6,0,25,1430,,0,72
9900,0,0,25,1430,,0,72
10200,0,0,25,1430,,0,30
10290,10,0,25,1430,,0,72
10530,10,0,25,1430,,0,72
10620,0,0,25,1430,,0,72
10800,0,0,25,1430,,0,30
11400,0,0,25,1430,,0,30
11460,6,0,25,1430,,0,72
11640,6,0,25,1430,,0,72
11700,0,0,25,1430,,0,72
12000,0,0,25,1430,,0,30
12090,10,0,25,1430,,0,72
12330,10,0,25,1430,,0,72
12420,0,0,25,1430,,0,72
12600,0,0,25,1430,,0,30
13200,0,0,25,1430,,0,30
13260,6,0,25,1430,,0,72
13440,6,0,25,1430,,0,72
13500,0,0,25,1430,,0,72
13800,0,0,25,1430,,0,30
13890,10,0,25,1430,,0,72
14130,10,0,25,1430,,0,72
14220,0,0,25,1430,,0,72
14400,0,0,25,1430,,0,30
15000,0,0,25,1430,,0,30
15060,6,0,25,1430,,0,72
15240,6,0,25,1430,,0,72
15300,0,0,25,1430,,0,72
15600,0,0,25,1430,,0,30
15690,10,0,25,1430,,0,72
15930,10,0,25,1430,,0,72
16020,0,0,25,1430,,0,72
16200,0,0,25,1430,,0,30
16800,0,0,25,1430,,0,30
16860,6,0,25,1430,,0,72
17040,6,0,25,1430,,0,72
17100,0,0,25,1430,,0,72
17400,0,0,25,1430,,0,30
17490,10,0,25,1430,,0,72
17730,10,0,25,1430,,0,72
17820,0,0,25,1430,,0,72
18000,0,0,25,1430,,0,30
18600,0,0,25,1430,,0,30
18660,6,0,25,1430,,0,72
18840,6,0,25,1430,,0,72
18900,0,0,25,1430,,0,72
19200,0,0,25,1430,,0,30
19290,10,0,25,1430,,0,72
19530,10,0,25,1430,,0,72
19620,0,0,25,1430,,0,72
19800,0,0,25,1430,,0,30
20400,0,0,25,1430,,0,30
20460,6,0,25,1430,,0,72
20640,6,0,25,1430,,0,72
20700,0,0,25,1430,,0,72
21000,0,0,25,1430,,0,30
21090,10,0,25,1430,,0,72
21330,10,0,25,1430,,0,72
21420,0,0,25,1430,,0,72
21600,0,0,25,1430,,0,30
22200,0,0,25,1430,,0,30
22260,6,0,25,1430,,0,72
22440,6,0,25,1430,,0,72
22500,0,0,25,1430,,0,72
22800,0,0,25,1430,,0,30
22890,10,0,25,1430,,0,72
23130,10,0,25,1430,,0,72
23220,0,0,25,1430,,0,72
23400,0,0,25,1430,,0,30
24000,0,0,25,1430,,0,30
24060,6,0,25,1430,,0,72
24240,6,0,25,1430,,0,72
24300,0,0,25,1430,,0,72
24600,0,0,25,1430,,0,30
24690,10,0,25,1430,,0,72
24930,10,0,25,1430,,0,72
25020,0,0,25,1430,,0,72
25200,0,0,25,1430,,0,30
25800,0,0,25,1430,,0,30
25860,6,0,25,1430,,0,72
26040,6,0,25,1430,,0,72
26100,0,0,25,1430,,0,72
26400,0,0,25,1430,,0,30
26490,10,0,25,1430,,0,72
26730,10,0,25,1430,,0,72
26820,0,0,25,1430,,0,72
27000,0,0,25,1430,,0,30
27600,0,0,25,1430,,0,30
27660,6,0,25,1430,,0,72
27840,6,0,25,1430,,0,72
27900,0,0,25,1430,,0,72
28200,0,0,25,1430,,0,30
28290,10,0,25,1430,,0,72
28530,10,0,25,1430,,0,72
28620,0,0,25,1430,,0,72
28800,0,0,25,1430,,0,30
