fault_id,fmea,description,channel,active_value,t_start_s,t_end_s,enabled
MTM_LOSS_1,F55,One Maxwell chiller module lost (3 of 4),n_mtm,3,0,1e9,0
MTM_LOSS_2,F55,Two Maxwell chiller modules lost (2 of 4),n_mtm,2,0,1e9,0
PE_FAN_FAIL,F54,PE radiator fans failed (ram/natural air only),fan_pe,0,0,1e9,0
COND_FAN_FAIL,F55,Condenser radiator fans failed,fan_cd,0,0,1e9,0
PE_PUMP_FAIL,F54,PE loop pumps failed (5% residual flow),pump_pe,0.05,0,1e9,0
BAT_PUMP_FAIL,TBD,Battery coolant pump failed,pump_bat,0,0,1e9,0
AXLE4_CUTOUT,F50,Axle 4 chopper/motor cut out (3 of 4 axles),n_ax_on,3,0,1e9,0
STRING_OPEN_1,TBD,One battery string isolated (11 of 12),n_str,11,0,1e9,0
RACK_OPEN,TBD,One rack isolated (10 of 12 strings),n_str,10,0,1e9,0
TSENSE_HIGH_5K,F46,BMS cell temperature reads 5 K high,dT_sense_K,5,0,1e9,0
TSENSE_LOW_5K,F46,BMS cell temperature reads 5 K low,dT_sense_K,-5,0,1e9,0
BLOWER_FAIL,F50,Traction motor blowers failed,blower_ok,0,0,1e9,0
LCC_VMS_COMMS,F46,LCC-VMS comms loss (Class A: no traction),comms_ok,0,0,1e9,0
AUX_DCDC_TRIP,TBD,1500-750 V aux converter trip (aux loads and TMS lost),aux_ok,0,0,1e9,0
CHARGER_DERATE_50,TBD,Onboard charger derated to 50%,chg_derate,0.5,0,1e9,0
ESTOP,TBD,E-Stop pressed,estop,1,0,1e9,0
CLASS_A_GENERIC,F46,Any other Class A fault (traction and charging blocked),classA,1,0,1e9,0
BTMS_24V_PS_TRIP,F61,BTMS 24 V supply (DCC65M24) trip: all SPAL pumps stop (PE loop),pump_pe,0.05,0,1e9,0
BTMS_24V_PS_TRIP,F61,BTMS 24 V supply (DCC65M24) trip: all SPAL pumps stop (battery loop),pump_bat,0,0,1e9,0
BTMS_12V_PS_TRIP,F55,BTMS 12 V supply (NetPower) trip: MTM ECUs and internal pumps off (chillers lost; LV fans not modeled),n_mtm,0,0,1e9,0
